,ID,Name,Sex,Age,Height,Weight,Team,NOC,Games,Year,Season,City,Sport,Event,Medal
468,256,"Abdihakim ""Abdi"" Abdirahman",M,31.0,178.0,61.0,United States,USA,2008 Summer,2008,Summer,Beijing,Athletics,"Athletics Men's 10,000 metres",
1843,1017,Nathan Ghar-Jun Adrian,M,19.0,198.0,100.0,United States,USA,2008 Summer,2008,Summer,Beijing,Swimming,Swimming Men's 4 x 100 metres Freestyle Relay,Gold
1875,1028,"Fredua Koranteng ""Freddy"" Adu",M,19.0,170.0,66.0,United States,USA,2008 Summer,2008,Summer,Beijing,Football,Football Men's Football,
4729,2697,Sadam Ali,M,19.0,175.0,60.0,United States,USA,2008 Summer,2008,Summer,Beijing,Boxing,Boxing Men's Lightweight,
5049,2874,Wyatt Allen,M,29.0,193.0,98.0,United States,USA,2008 Summer,2008,Summer,Beijing,Rowing,Rowing Men's Coxed Eights,Bronze
5492,3101,"Josmer Volmy ""Jozy"" Altidore",M,18.0,185.0,91.0,United States,USA,2008 Summer,2008,Summer,Beijing,Football,Football Men's Football,
5501,3107,"Michael ""Mike"" Altman",M,32.0,183.0,73.0,United States,USA,2008 Summer,2008,Summer,Beijing,Rowing,Rowing Men's Lightweight Coxless Fours,
6771,3797,Brett Franklin Anderson,M,20.0,193.0,104.0,United States,USA,2008 Summer,2008,Summer,Beijing,Baseball,Baseball Men's Baseball,Bronze
7212,4033,Demetrius Cesar Andrade,M,20.0,183.0,69.0,United States,USA,2008 Summer,2008,Summer,Beijing,Boxing,Boxing Men's Welterweight,
8165,4505,Carmelo Kyan Anthony,M,24.0,203.0,109.0,United States,USA,2008 Summer,2008,Summer,Beijing,Basketball,Basketball Men's Basketball,Gold
8184,4515,"Michael E. ""Mike"" Anti",M,44.0,173.0,73.0,United States,USA,2008 Summer,2008,Summer,Beijing,Shooting,"Shooting Men's Small-Bore Rifle, Prone, 50 metres",
9664,5298,"Jacob Joseph ""Jake"" Arrieta",M,22.0,193.0,102.0,United States,USA,2008 Summer,2008,Summer,Beijing,Baseball,Baseball Men's Baseball,Bronze
9792,5363,"Alexander Vladimirovich ""Sasha"" Artemev",M,22.0,168.0,,United States,USA,2008 Summer,2008,Summer,Beijing,Gymnastics,Gymnastics Men's Individual All-Around,
9793,5363,"Alexander Vladimirovich ""Sasha"" Artemev",M,22.0,168.0,,United States,USA,2008 Summer,2008,Summer,Beijing,Gymnastics,Gymnastics Men's Team All-Around,Bronze
9794,5363,"Alexander Vladimirovich ""Sasha"" Artemev",M,22.0,168.0,,United States,USA,2008 Summer,2008,Summer,Beijing,Gymnastics,Gymnastics Men's Floor Exercise,
9795,5363,"Alexander Vladimirovich ""Sasha"" Artemev",M,22.0,168.0,,United States,USA,2008 Summer,2008,Summer,Beijing,Gymnastics,Gymnastics Men's Parallel Bars,
9796,5363,"Alexander Vladimirovich ""Sasha"" Artemev",M,22.0,168.0,,United States,USA,2008 Summer,2008,Summer,Beijing,Gymnastics,Gymnastics Men's Horizontal Bar,
9797,5363,"Alexander Vladimirovich ""Sasha"" Artemev",M,22.0,168.0,,United States,USA,2008 Summer,2008,Summer,Beijing,Gymnastics,Gymnastics Men's Rings,
9798,5363,"Alexander Vladimirovich ""Sasha"" Artemev",M,22.0,168.0,,United States,USA,2008 Summer,2008,Summer,Beijing,Gymnastics,Gymnastics Men's Pommelled Horse,
10264,5612,Ben Askren,M,24.0,180.0,74.0,United States,USA,2008 Summer,2008,Summer,Beijing,Wrestling,"Wrestling Men's Middleweight, Freestyle",
11592,6317,"Anthony Lawrence ""Tony"" Azevedo",M,26.0,186.0,90.0,United States,USA,2008 Summer,2008,Summer,Beijing,Water Polo,Water Polo Men's Water Polo,Silver
11944,6507,Howard Bach,M,29.0,168.0,75.0,United States,USA,2008 Summer,2008,Summer,Beijing,Badminton,Badminton Men's Doubles,
12696,6906,Ryan Bailey,M,32.0,198.0,111.0,United States,USA,2008 Summer,2008,Summer,Beijing,Water Polo,Water Polo Men's Water Polo,Silver
13417,7283,Lloy James Ball,M,36.0,203.0,95.0,United States,USA,2008 Summer,2008,Summer,Beijing,Volleyball,Volleyball Men's Volleyball,Gold
13940,7545,David Banks,M,24.0,188.0,87.0,United States,USA,2008 Summer,2008,Summer,Beijing,Rowing,Rowing Men's Coxless Fours,
14518,7814,Brian David Barden,M,27.0,180.0,86.0,United States,USA,2008 Summer,2008,Summer,Beijing,Baseball,Baseball Men's Baseball,Bronze
14571,7847,"Benjamin Oden ""Ben"" Barger",M,27.0,183.0,73.0,United States,USA,2008 Summer,2008,Summer,Beijing,Sailing,Sailing Men's Windsurfer,
16819,9021,Brian Beaman,M,24.0,178.0,86.0,United States,USA,2008 Summer,2008,Summer,Beijing,Shooting,"Shooting Men's Air Pistol, 10 metres",
16908,9058,Ronald Layne Beaubien,M,32.0,198.0,100.0,United States,USA,2008 Summer,2008,Summer,Beijing,Water Polo,Water Polo Men's Water Polo,Silver
18167,9644,Kenwood Kenta Bell,M,31.0,183.0,77.0,United States,USA,2008 Summer,2008,Summer,Beijing,Athletics,Athletics Men's Triple Jump,
19214,10174,Kyle Ray Bennett,M,28.0,183.0,83.0,United States,USA,2008 Summer,2008,Summer,Beijing,Cycling,Cycling Men's BMX,
19578,10337,"Richard ""Ricky"" Berens",M,20.0,188.0,93.0,United States,USA,2008 Summer,2008,Summer,Beijing,Swimming,Swimming Men's 4 x 200 metres Freestyle Relay,Gold
21223,11207,Stephen Raj Bhavsar,M,27.0,169.0,54.0,United States,USA,2008 Summer,2008,Summer,Beijing,Gymnastics,Gymnastics Men's Individual All-Around,
21224,11207,Stephen Raj Bhavsar,M,27.0,169.0,54.0,United States,USA,2008 Summer,2008,Summer,Beijing,Gymnastics,Gymnastics Men's Team All-Around,Bronze
21225,11207,Stephen Raj Bhavsar,M,27.0,169.0,54.0,United States,USA,2008 Summer,2008,Summer,Beijing,Gymnastics,Gymnastics Men's Floor Exercise,
21226,11207,Stephen Raj Bhavsar,M,27.0,169.0,54.0,United States,USA,2008 Summer,2008,Summer,Beijing,Gymnastics,Gymnastics Men's Parallel Bars,
21227,11207,Stephen Raj Bhavsar,M,27.0,169.0,54.0,United States,USA,2008 Summer,2008,Summer,Beijing,Gymnastics,Gymnastics Men's Rings,
21228,11207,Stephen Raj Bhavsar,M,27.0,169.0,54.0,United States,USA,2008 Summer,2008,Summer,Beijing,Gymnastics,Gymnastics Men's Pommelled Horse,
21518,11358,Graham Porter Biehl,M,21.0,178.0,73.0,United States,USA,2008 Summer,2008,Summer,Beijing,Sailing,Sailing Men's Two Person Dinghy,
22976,12078,James Riley Blake,M,28.0,185.0,83.0,United States,USA,2008 Summer,2008,Summer,Beijing,Tennis,Tennis Men's Singles,
22977,12078,James Riley Blake,M,28.0,185.0,83.0,United States-2,USA,2008 Summer,2008,Summer,Beijing,Tennis,Tennis Men's Doubles,
23182,12196,Michael Benjamin Blatchford,M,22.0,178.0,82.0,United States,USA,2008 Summer,2008,Summer,Beijing,Cycling,Cycling Men's Sprint,
23183,12196,Michael Benjamin Blatchford,M,22.0,178.0,82.0,United States,USA,2008 Summer,2008,Summer,Beijing,Cycling,Cycling Men's Team Sprint,
25599,13372,"Carlos Austin Boozer, Jr.",M,26.0,206.0,117.0,United States,USA,2008 Summer,2008,Summer,Beijing,Basketball,Basketball Men's Basketball,Gold
26398,13739,"Christopher Wesson ""Chris"" Bosh",M,24.0,208.0,104.0,United States,USA,2008 Summer,2008,Summer,Beijing,Basketball,Basketball Men's Basketball,Gold
26862,13969,David Alasdair Boudia,M,19.0,175.0,73.0,United States,USA,2008 Summer,2008,Summer,Beijing,Diving,Diving Men's Platform,
26863,13969,David Alasdair Boudia,M,19.0,175.0,73.0,United States,USA,2008 Summer,2008,Summer,Beijing,Diving,Diving Men's Synchronized Platform,
27631,14338,Micah Nathan Boyd,M,26.0,191.0,95.0,United States,USA,2008 Summer,2008,Summer,Beijing,Rowing,Rowing Men's Coxed Eights,Bronze
28013,14511,Michael Sheehan Bradley,M,21.0,185.0,74.0,United States,USA,2008 Summer,2008,Summer,Beijing,Football,Football Men's Football,
28795,14912,Eli Bremer,M,30.0,183.0,76.0,United States,USA,2008 Summer,2008,Summer,Beijing,Modern Pentathlon,Modern Pentathlon Men's Individual,
29789,15372,Brandon Brooks,M,27.0,198.0,111.0,United States,USA,2008 Summer,2008,Summer,Beijing,Water Polo,Water Polo Men's Water Polo,Silver
30146,15563,"Matthew Benjamin ""Matt"" Brown",M,25.0,182.0,93.0,United States,USA,2008 Summer,2008,Summer,Beijing,Baseball,Baseball Men's Baseball,Bronze
30822,15880,"Robert Charles ""Bob"" Bryan",M,30.0,193.0,92.0,United States-1,USA,2008 Summer,2008,Summer,Beijing,Tennis,Tennis Men's Doubles,Bronze
30831,15882,"Michael Carl ""Mike"" Bryan",M,30.0,191.0,87.0,United States-1,USA,2008 Summer,2008,Summer,Beijing,Tennis,Tennis Men's Doubles,Bronze
30847,15891,Kobe Bean Bryant,M,29.0,198.0,100.0,United States,USA,2008 Summer,2008,Summer,Beijing,Basketball,Basketball Men's Basketball,Gold
33114,17050,Dremiel Deshon Byers,M,33.0,188.0,120.0,United States,USA,2008 Summer,2008,Summer,Beijing,Wrestling,"Wrestling Men's Super-Heavyweight, Greco-Roman",
33508,17279,Trevor John Cahill,M,20.0,193.0,99.0,United States,USA,2008 Summer,2008,Summer,Beijing,Baseball,Baseball Men's Baseball,Bronze
34306,17681,Andrew Campbell,M,24.0,183.0,82.0,United States,USA,2008 Summer,2008,Summer,Beijing,Sailing,Sailing Men's One Person Dinghy,
34894,17985,Christian Cantwell,M,27.0,193.0,154.0,United States,USA,2008 Summer,2008,Summer,Beijing,Athletics,Athletics Men's Shot Put,Silver
37514,19285,Henry Carlos Cejudo,M,21.0,165.0,55.0,United States,USA,2008 Summer,2008,Summer,Beijing,Wrestling,"Wrestling Men's Featherweight, Freestyle",Gold
42546,21947,Bryan Ezra Tsumoru Clay,M,28.0,180.0,83.0,United States,USA,2008 Summer,2008,Summer,Beijing,Athletics,Athletics Men's Decathlon,Gold
42623,21990,Kerron Stephon Clement,M,22.0,188.0,86.0,United States,USA,2008 Summer,2008,Summer,Beijing,Athletics,Athletics Men's 400 metres Hurdles,Silver
42624,21990,Kerron Stephon Clement,M,22.0,188.0,86.0,United States,USA,2008 Summer,2008,Summer,Beijing,Athletics,Athletics Men's 4 x 400 metres Relay,Gold
43741,22557,"Christopher ""Chris"" Colwill",M,23.0,178.0,76.0,United States,USA,2008 Summer,2008,Summer,Beijing,Diving,Diving Men's Springboard,
43742,22557,"Christopher ""Chris"" Colwill",M,23.0,178.0,76.0,United States,USA,2008 Summer,2008,Summer,Beijing,Diving,Diving Men's Synchronized Springboard,
44629,22997,"Steven Coppola, Jr.",M,24.0,203.0,100.0,United States,USA,2008 Summer,2008,Summer,Beijing,Rowing,Rowing Men's Coxed Eights,Bronze
45823,23647,Adam Craig,M,16.0,180.0,75.0,United States,USA,2008 Summer,2008,Summer,Beijing,Cycling,"Cycling Men's Mountainbike, Cross-Country",
45981,23723,Shawn Crawford,M,30.0,181.0,86.0,United States,USA,2008 Summer,2008,Summer,Beijing,Athletics,Athletics Men's 200 metres,Silver
46247,23868,Ian Lowell Crocker,M,25.0,193.0,86.0,United States,USA,2008 Summer,2008,Summer,Beijing,Swimming,Swimming Men's 100 metres Butterfly,
46248,23868,Ian Lowell Crocker,M,25.0,193.0,86.0,United States,USA,2008 Summer,2008,Summer,Beijing,Swimming,Swimming Men's 4 x 100 metres Medley Relay,Gold
47143,24297,Jeremy Michael Cummings,M,31.0,188.0,93.0,United States,USA,2008 Summer,2008,Summer,Beijing,Baseball,Baseball Men's Baseball,Bronze
47344,24411,Rafeeq Curry,M,24.0,185.0,73.0,United States,USA,2008 Summer,2008,Summer,Beijing,Athletics,Athletics Men's Triple Jump,
48456,24981,"Phillip Peter ""Phil"" Dalhausser",M,28.0,206.0,93.0,United States-1,USA,2008 Summer,2008,Summer,Beijing,Beach Volleyball,Beach Volleyball Men's Beach Volleyball,Gold
48628,25061,"William ""Will"" Daly",M,25.0,188.0,73.0,United States,USA,2008 Summer,2008,Summer,Beijing,Rowing,Rowing Men's Lightweight Coxless Fours,
48809,25155,"John Dane, III",M,58.0,191.0,99.0,United States,USA,2008 Summer,2008,Summer,Beijing,Sailing,Sailing Men's Two Person Keelboat,
49149,25311,"Thomas Curtis ""T. C."" Dantzler",M,37.0,180.0,74.0,United States,USA,2008 Summer,2008,Summer,Beijing,Wrestling,"Wrestling Men's Middleweight, Greco-Roman",
49704,25611,"Charles Desmond ""Charlie"" Davies",M,22.0,178.0,77.0,United States,USA,2008 Summer,2008,Summer,Beijing,Football,Football Men's Football,
50171,25815,"Michael ""Mike"" Day",M,23.0,191.0,93.0,United States,USA,2008 Summer,2008,Summer,Beijing,Cycling,Cycling Men's BMX,Silver
52695,27059,"Jacob ""Jake"" Deitchler",M,18.0,173.0,66.0,United States,USA,2008 Summer,2008,Summer,Beijing,Wrestling,"Wrestling Men's Welterweight, Greco-Roman",
56242,28811,Walter Dix,M,22.0,175.0,80.0,United States,USA,2008 Summer,2008,Summer,Beijing,Athletics,Athletics Men's 100 metres,Bronze
56243,28811,Walter Dix,M,22.0,175.0,80.0,United States,USA,2008 Summer,2008,Summer,Beijing,Athletics,Athletics Men's 200 metres,Bronze
56645,29015,Ian Dobson,M,26.0,188.0,70.0,United States,USA,2008 Summer,2008,Summer,Beijing,Athletics,"Athletics Men's 5,000 metres",
57229,29321,Jason Thomas Donald,M,23.0,185.0,86.0,United States,USA,2008 Summer,2008,Summer,Beijing,Baseball,Baseball Men's Baseball,Bronze
59376,30412,Brian Matthew Duensing,M,25.0,183.0,93.0,United States,USA,2008 Summer,2008,Summer,Beijing,Baseball,Baseball Men's Baseball,Bronze
59632,30548,Troy Matthew Bek Dumais,M,28.0,168.0,68.0,United States,USA,2008 Summer,2008,Summer,Beijing,Diving,Diving Men's Springboard,
59939,30689,Philip Martin Dunn,M,37.0,175.0,58.0,United States,USA,2008 Summer,2008,Summer,Beijing,Athletics,Athletics Men's 50 kilometres Walk,
60376,30918,Phillip Peter Dutton,M,44.0,168.0,68.0,United States,USA,2008 Summer,2008,Summer,Beijing,Equestrianism,"Equestrianism Mixed Three-Day Event, Individual",
60377,30918,Phillip Peter Dutton,M,44.0,168.0,68.0,United States,USA,2008 Summer,2008,Summer,Beijing,Equestrianism,"Equestrianism Mixed Three-Day Event, Team",
60411,30938,Jeremy Adam Duvendeck,M,26.0,180.0,88.0,United States,USA,2008 Summer,2008,Summer,Beijing,Cycling,Cycling Men's Team Sprint,
60902,31196,Kevin S. Eastler,M,30.0,185.0,77.0,United States,USA,2008 Summer,2008,Summer,Beijing,Athletics,Athletics Men's 20 kilometres Walk,
61432,31464,"Edu Maurice ""Mo"" Edu",M,22.0,180.0,75.0,United States,USA,2008 Summer,2008,Summer,Beijing,Football,Football Men's Football,
61894,31687,Casey Eichfeld,M,18.0,178.0,77.0,United States,USA,2008 Summer,2008,Summer,Beijing,Canoeing,"Canoeing Men's Canadian Doubles, Slalom",
63040,32316,"Walton Glenn Eller, III",M,26.0,188.0,82.0,United States,USA,2008 Summer,2008,Summer,Beijing,Shooting,Shooting Men's Double Trap,Gold
63162,32384,Brady Lee Ellison,M,19.0,181.0,86.0,United States,USA,2008 Summer,2008,Summer,Beijing,Archery,Archery Men's Individual,
63163,32384,Brady Lee Ellison,M,19.0,181.0,86.0,United States,USA,2008 Summer,2008,Summer,Beijing,Archery,Archery Men's Team,
63443,32517,"Matthew D. ""Matt"" Emmons",M,27.0,175.0,84.0,United States,USA,2008 Summer,2008,Summer,Beijing,Shooting,"Shooting Men's Small-Bore Rifle, Three Positions, 50 metres",
63444,32517,"Matthew D. ""Matt"" Emmons",M,27.0,175.0,84.0,United States,USA,2008 Summer,2008,Summer,Beijing,Shooting,"Shooting Men's Small-Bore Rifle, Prone, 50 metres",Silver
64208,32885,Bret E. Erickson,M,47.0,188.0,95.0,United States,USA,2008 Summer,2008,Summer,Beijing,Shooting,Shooting Men's Trap,
65118,33322,"Christopher ""Chris"" Estrada",M,25.0,168.0,66.0,United States,USA,2008 Summer,2008,Summer,Beijing,Trampolining,Trampolining Men's Individual,
65132,33333,Shawn Estrada,M,23.0,185.0,75.0,United States,USA,2008 Summer,2008,Summer,Beijing,Boxing,Boxing Men's Middleweight,
66333,33941,Anthony N. Famiglietti,M,29.0,173.0,57.0,United States,USA,2008 Summer,2008,Summer,Beijing,Athletics,"Athletics Men's 3,000 metres Steeplechase",
66789,34168,Kendrick James Farris,M,22.0,168.0,94.0,United States,USA,2008 Summer,2008,Summer,Beijing,Weightlifting,Weightlifting Men's Light-Heavyweight,
67436,34471,Benny Feilhaber,M,23.0,175.0,73.0,United States,USA,2008 Summer,2008,Summer,Beijing,Football,Football Men's Football,
69463,35395,Thomas Finchum,M,18.0,185.0,68.0,United States,USA,2008 Summer,2008,Summer,Beijing,Diving,Diving Men's Platform,
69464,35395,Thomas Finchum,M,18.0,185.0,68.0,United States,USA,2008 Summer,2008,Summer,Beijing,Diving,Diving Men's Synchronized Platform,
71826,36553,William Dexter Fowler,M,22.0,198.0,79.0,United States,USA,2008 Summer,2008,Summer,Beijing,Baseball,Baseball Men's Baseball,Bronze
71968,36618,"Thomas Bennett ""Benn"" Fraker",M,19.0,183.0,80.0,United States,USA,2008 Summer,2008,Summer,Beijing,Canoeing,"Canoeing Men's Canadian Singles, Slalom",
73142,37186,"Michael ""Mike"" Friedman",M,25.0,175.0,77.0,United States,USA,2008 Summer,2008,Summer,Beijing,Cycling,Cycling Men's Madison,
75080,38095,John Christopher Gall,M,30.0,183.0,91.0,United States,USA,2008 Summer,2008,Summer,Beijing,Baseball,Baseball Men's Baseball,Bronze
75553,38353,Mark Daniel Gangloff,M,26.0,183.0,84.0,United States,USA,2008 Summer,2008,Summer,Beijing,Swimming,Swimming Men's 100 metres Breaststroke,
75554,38353,Mark Daniel Gangloff,M,26.0,183.0,84.0,United States,USA,2008 Summer,2008,Summer,Beijing,Swimming,Swimming Men's 4 x 100 metres Medley Relay,Gold
76392,38762,"Gabriel Bryan ""Gabe"" Gardner",M,32.0,209.0,103.0,United States,USA,2008 Summer,2008,Summer,Beijing,Volleyball,Volleyball Men's Volleyball,Gold
77037,39092,Scott Hunter Gault,M,25.0,196.0,94.0,United States,USA,2008 Summer,2008,Summer,Beijing,Rowing,Rowing Men's Quadruple Sculls,
77219,39191,Tyson Lashane Gay,M,25.0,181.0,80.0,United States,USA,2008 Summer,2008,Summer,Beijing,Athletics,Athletics Men's 100 metres,
77220,39191,Tyson Lashane Gay,M,25.0,181.0,80.0,United States,USA,2008 Summer,2008,Summer,Beijing,Athletics,Athletics Men's 4 x 100 metres Relay,
79030,40132,"Jacob Spiker ""Jake"" Gibb",M,32.0,201.0,95.0,United States-2,USA,2008 Summer,2008,Summer,Beijing,Beach Volleyball,Beach Volleyball Men's Beach Volleyball,
79602,40435,"Robert Louis ""Robby"" Ginepri",M,25.0,188.0,84.0,United States,USA,2008 Summer,2008,Summer,Beijing,Tennis,Tennis Men's Singles,
83721,42560,Dominic P. Grazioli,M,44.0,191.0,113.0,United States,USA,2008 Summer,2008,Summer,Beijing,Shooting,Shooting Men's Trap,
84009,42695,Edward Ray Breaux Greer,M,31.0,188.0,102.0,United States,USA,2008 Summer,2008,Summer,Beijing,Athletics,Athletics Men's Javelin Throw,
84265,42803,"Matthew ""Matt"" Grevers",M,23.0,203.0,105.0,United States,USA,2008 Summer,2008,Summer,Beijing,Swimming,Swimming Men's 4 x 100 metres Freestyle Relay,Gold
84266,42803,"Matthew ""Matt"" Grevers",M,23.0,203.0,105.0,United States,USA,2008 Summer,2008,Summer,Beijing,Swimming,Swimming Men's 100 metres Backstroke,Silver
84267,42803,"Matthew ""Matt"" Grevers",M,23.0,203.0,105.0,United States,USA,2008 Summer,2008,Summer,Beijing,Swimming,Swimming Men's 4 x 100 metres Medley Relay,Gold
87283,44252,"Bradley Edwin ""Brad"" Guzan",M,23.0,193.0,98.0,United States,USA,2008 Summer,2008,Summer,Beijing,Football,Football Men's Football,
88195,44726,"Joseph ""Joey"" Hagerty",M,26.0,163.0,61.0,United States,USA,2008 Summer,2008,Summer,Beijing,Gymnastics,Gymnastics Men's Individual All-Around,
88196,44726,"Joseph ""Joey"" Hagerty",M,26.0,163.0,61.0,United States,USA,2008 Summer,2008,Summer,Beijing,Gymnastics,Gymnastics Men's Team All-Around,Bronze
88197,44726,"Joseph ""Joey"" Hagerty",M,26.0,163.0,61.0,United States,USA,2008 Summer,2008,Summer,Beijing,Gymnastics,Gymnastics Men's Floor Exercise,
88198,44726,"Joseph ""Joey"" Hagerty",M,26.0,163.0,61.0,United States,USA,2008 Summer,2008,Summer,Beijing,Gymnastics,Gymnastics Men's Parallel Bars,
88199,44726,"Joseph ""Joey"" Hagerty",M,26.0,163.0,61.0,United States,USA,2008 Summer,2008,Summer,Beijing,Gymnastics,Gymnastics Men's Horizontal Bar,
88200,44726,"Joseph ""Joey"" Hagerty",M,26.0,163.0,61.0,United States,USA,2008 Summer,2008,Summer,Beijing,Gymnastics,Gymnastics Men's Pommelled Horse,
88806,45031,Ryan Hall,M,25.0,180.0,61.0,United States,USA,2008 Summer,2008,Summer,Beijing,Athletics,Athletics Men's Marathon,
89843,45525,Vincent Hancock,M,19.0,173.0,80.0,United States,USA,2008 Summer,2008,Summer,Beijing,Shooting,Shooting Men's Skeet,Gold
90164,45684,Brendan Joseph Hansen,M,26.0,183.0,85.0,United States,USA,2008 Summer,2008,Summer,Beijing,Swimming,Swimming Men's 100 metres Breaststroke,
90165,45684,Brendan Joseph Hansen,M,26.0,183.0,85.0,United States,USA,2008 Summer,2008,Summer,Beijing,Swimming,Swimming Men's 4 x 100 metres Medley Relay,Gold
90302,45765,Kevin Christopher Hansen,M,26.0,196.0,93.0,United States,USA,2008 Summer,2008,Summer,Beijing,Volleyball,Volleyball Men's Volleyball,Gold
90734,45967,"James Edward ""Trey"" Hardee, III",M,24.0,196.0,96.0,United States,USA,2008 Summer,2008,Summer,Beijing,Athletics,Athletics Men's Decathlon,
91385,46332,"Jeffrey Stewart ""Jeff"" Hartwig",M,40.0,190.0,82.0,United States,USA,2008 Summer,2008,Summer,Beijing,Athletics,Athletics Men's Pole Vault,
92590,46910,"Michael Gannon ""Mike"" Hazle",M,29.0,183.0,91.0,United States,USA,2008 Summer,2008,Summer,Beijing,Athletics,Athletics Men's Javelin Throw,
95334,48276,"Michael Steven ""Mike"" Hessman",M,30.0,196.0,107.0,United States,USA,2008 Summer,2008,Summer,Beijing,Baseball,Baseball Men's Baseball,Bronze
96111,48663,George Anthony Hincapie Garcs,M,35.0,183.0,77.0,United States,USA,2008 Summer,2008,Summer,Beijing,Cycling,"Cycling Men's Road Race, Individual",
97005,49108,"Thomas John ""Tom"" Hoff",M,35.0,198.0,94.0,United States,USA,2008 Summer,2008,Summer,Beijing,Volleyball,Volleyball Men's Volleyball,Gold
97007,49109,Michael Reese Hoffa,M,30.0,182.0,147.0,United States,USA,2008 Summer,2008,Summer,Beijing,Athletics,Athletics Men's Shot Put,
97430,49317,Stuart Alistair Holden,M,23.0,178.0,72.0,United States,USA,2008 Summer,2008,Summer,Beijing,Football,Football Men's Football,
97491,49345,"Jeffrey G. ""Jeff"" Holguin",M,29.0,175.0,82.0,United States,USA,2008 Summer,2008,Summer,Beijing,Shooting,Shooting Men's Double Trap,
98448,49826,Beau Hoopman,M,27.0,193.0,91.0,United States,USA,2008 Summer,2008,Summer,Beijing,Rowing,Rowing Men's Coxed Eights,Bronze
98884,50052,Jonathan Alan Horton,M,22.0,155.0,59.0,United States,USA,2008 Summer,2008,Summer,Beijing,Gymnastics,Gymnastics Men's Individual All-Around,
98885,50052,Jonathan Alan Horton,M,22.0,155.0,59.0,United States,USA,2008 Summer,2008,Summer,Beijing,Gymnastics,Gymnastics Men's Team All-Around,Bronze
98886,50052,Jonathan Alan Horton,M,22.0,155.0,59.0,United States,USA,2008 Summer,2008,Summer,Beijing,Gymnastics,Gymnastics Men's Floor Exercise,
98887,50052,Jonathan Alan Horton,M,22.0,155.0,59.0,United States,USA,2008 Summer,2008,Summer,Beijing,Gymnastics,Gymnastics Men's Parallel Bars,
98888,50052,Jonathan Alan Horton,M,22.0,155.0,59.0,United States,USA,2008 Summer,2008,Summer,Beijing,Gymnastics,Gymnastics Men's Horizontal Bar,Silver
98889,50052,Jonathan Alan Horton,M,22.0,155.0,59.0,United States,USA,2008 Summer,2008,Summer,Beijing,Gymnastics,Gymnastics Men's Rings,
98890,50052,Jonathan Alan Horton,M,22.0,155.0,59.0,United States,USA,2008 Summer,2008,Summer,Beijing,Gymnastics,Gymnastics Men's Pommelled Horse,
99349,50288,Elliot Meyer Hovey,M,25.0,185.0,93.0,United States,USA,2008 Summer,2008,Summer,Beijing,Rowing,Rowing Men's Double Sculls,
99392,50311,Dwight David Howard,M,22.0,211.0,120.0,United States,USA,2008 Summer,2008,Summer,Beijing,Basketball,Basketball Men's Basketball,Gold
99773,50490,Andy Hrovat,M,28.0,178.0,84.0,United States,USA,2008 Summer,2008,Summer,Beijing,Wrestling,"Wrestling Men's Light-Heavyweight, Freestyle",
100420,50788,Peter Hudnut,M,28.0,196.0,105.0,United States,USA,2008 Summer,2008,Summer,Beijing,Water Polo,Water Polo Men's Water Polo,Silver
100620,50878,"Matthew ""Matt"" Hughes",M,26.0,185.0,93.0,United States,USA,2008 Summer,2008,Summer,Beijing,Rowing,Rowing Men's Quadruple Sculls,
101447,51304,"Timothy Julien ""Tim"" Hutten",M,23.0,196.0,98.0,United States,USA,2008 Summer,2008,Summer,Beijing,Water Polo,Water Polo Men's Water Polo,Silver
103105,52164,"Joshua ""Josh"" Inman",M,28.0,203.0,95.0,United States,USA,2008 Summer,2008,Summer,Beijing,Rowing,Rowing Men's Coxed Eights,Bronze
104896,53094,Bershawn D. Jackson,M,25.0,173.0,69.0,United States,USA,2008 Summer,2008,Summer,Beijing,Athletics,Athletics Men's 400 metres Hurdles,Bronze
105759,53494,LeBron Raymone James,M,23.0,203.0,114.0,United States,USA,2008 Summer,2008,Summer,Beijing,Basketball,Basketball Men's Basketball,Gold
107633,54409,Larsen Alan Jensen,M,22.0,185.0,88.0,United States,USA,2008 Summer,2008,Summer,Beijing,Swimming,Swimming Men's 400 metres Freestyle,Bronze
107634,54409,Larsen Alan Jensen,M,22.0,185.0,88.0,United States,USA,2008 Summer,2008,Summer,Beijing,Swimming,"Swimming Men's 1,500 metres Freestyle",
108030,54619,Kevin Martin Jepsen,M,24.0,190.0,97.0,United States,USA,2008 Summer,2008,Summer,Beijing,Baseball,Baseball Men's Baseball,Bronze
109456,55338,Brian Johnson,M,28.0,196.0,91.0,United States,USA,2008 Summer,2008,Summer,Beijing,Athletics,Athletics Men's Long Jump,
109466,55340,"Richard Andrew ""Butch"" Johnson",M,52.0,191.0,98.0,United States,USA,2008 Summer,2008,Summer,Beijing,Archery,Archery Men's Individual,
109467,55340,"Richard Andrew ""Butch"" Johnson",M,52.0,191.0,98.0,United States,USA,2008 Summer,2008,Summer,Beijing,Archery,Archery Men's Team,
109940,55590,"Dustin Michael ""Dusty"" Jonas",M,22.0,193.0,82.0,United States,USA,2008 Summer,2008,Summer,Beijing,Athletics,Athletics Men's High Jump,
110045,55640,Cullen Andrew Jones,M,24.0,195.0,95.0,United States,USA,2008 Summer,2008,Summer,Beijing,Swimming,Swimming Men's 4 x 100 metres Freestyle Relay,Gold
111470,56401,"Kenneth ""Ken"" Jurkowski",M,26.0,188.0,95.0,United States,USA,2008 Summer,2008,Summer,Beijing,Rowing,Rowing Men's Single Sculls,
115522,58521,Klete D. Keller,M,26.0,198.0,97.0,United States,USA,2008 Summer,2008,Summer,Beijing,Swimming,Swimming Men's 4 x 200 metres Freestyle Relay,Gold
115681,58607,Weston Seth Kelsey,M,26.0,193.0,98.0,United States,USA,2008 Summer,2008,Summer,Beijing,Fencing,"Fencing Men's epee, Individual",
115775,58654,Hunter Craig Kemper,M,32.0,191.0,74.0,United States,USA,2008 Summer,2008,Summer,Beijing,Triathlon,Triathlon Men's Olympic Distance,
117709,59569,Jason Frederick Kidd,M,35.0,193.0,96.0,United States,USA,2008 Summer,2008,Summer,Beijing,Basketball,Basketball Men's Basketball,Gold
121287,61323,Sacha Bryan Kljestan,M,22.0,185.0,75.0,United States,USA,2008 Summer,2008,Summer,Beijing,Football,Football Men's Football,
121622,61496,Brandon Michael Knight,M,32.0,183.0,91.0,United States,USA,2008 Summer,2008,Summer,Beijing,Baseball,Baseball Men's Baseball,Bronze
124064,62674,"Michael Paul ""Mike"" Koplove",M,31.0,178.0,77.0,United States,USA,2008 Summer,2008,Summer,Beijing,Baseball,Baseball Men's Baseball,Bronze
127597,64316,"Alfred George ""A. G."" Kruger",M,29.0,193.0,125.0,United States,USA,2008 Summer,2008,Summer,Beijing,Athletics,Athletics Men's Hammer Throw,
127699,64375,"James W. ""J. W."" Krumpholz",M,20.0,191.0,93.0,United States,USA,2008 Summer,2008,Summer,Beijing,Water Polo,Water Polo Men's Water Polo,Silver
130808,65854,Bernard Kipchirchir Lagat,M,33.0,173.0,58.0,United States,USA,2008 Summer,2008,Summer,Beijing,Athletics,"Athletics Men's 1,500 metres",
130809,65854,Bernard Kipchirchir Lagat,M,33.0,173.0,58.0,United States,USA,2008 Summer,2008,Summer,Beijing,Athletics,"Athletics Men's 5,000 metres",
131488,66177,"Richard Edward ""Rich"" Lambourne",M,33.0,190.0,100.0,United States,USA,2008 Summer,2008,Summer,Beijing,Volleyball,Volleyball Men's Volleyball,Gold
132303,66589,Giuseppe Lanzone,M,25.0,193.0,97.0,United States,USA,2008 Summer,2008,Summer,Beijing,Rowing,Rowing Men's Coxless Fours,
132375,66628,"Matthew Vincent ""Matt"" LaPorta",M,23.0,188.0,98.0,United States,USA,2008 Summer,2008,Summer,Beijing,Baseball,Baseball Men's Baseball,Bronze
134184,67558,"Robert ""Bobby"" Lea",M,24.0,188.0,77.0,United States,USA,2008 Summer,2008,Summer,Beijing,Cycling,Cycling Men's Points Race,
134185,67558,"Robert ""Bobby"" Lea",M,24.0,188.0,77.0,United States,USA,2008 Summer,2008,Summer,Beijing,Cycling,Cycling Men's Madison,
134823,67839,David Cameron Lee,M,26.0,203.0,105.0,United States,USA,2008 Summer,2008,Summer,Beijing,Volleyball,Volleyball Men's Volleyball,Gold
136211,68510,Levi Leipheimer,M,34.0,173.0,62.0,United States,USA,2008 Summer,2008,Summer,Beijing,Cycling,"Cycling Men's Road Race, Individual",
136212,68510,Levi Leipheimer,M,34.0,173.0,62.0,United States,USA,2008 Summer,2008,Summer,Beijing,Cycling,Cycling Men's Individual Time Trial,Bronze
137864,69288,Jason Edward Lezak,M,32.0,193.0,98.0,United States,USA,2008 Summer,2008,Summer,Beijing,Swimming,Swimming Men's 100 metres Freestyle,Bronze
137865,69288,Jason Edward Lezak,M,32.0,193.0,98.0,United States,USA,2008 Summer,2008,Summer,Beijing,Swimming,Swimming Men's 4 x 100 metres Freestyle Relay,Gold
137866,69288,Jason Edward Lezak,M,32.0,193.0,98.0,United States,USA,2008 Summer,2008,Summer,Beijing,Swimming,Swimming Men's 4 x 100 metres Medley Relay,Gold
141427,70965,Ryan Steven Lochte,M,24.0,188.0,88.0,United States,USA,2008 Summer,2008,Summer,Beijing,Swimming,Swimming Men's 4 x 200 metres Freestyle Relay,Gold
141428,70965,Ryan Steven Lochte,M,24.0,188.0,88.0,United States,USA,2008 Summer,2008,Summer,Beijing,Swimming,Swimming Men's 200 metres Backstroke,Gold
141429,70965,Ryan Steven Lochte,M,24.0,188.0,88.0,United States,USA,2008 Summer,2008,Summer,Beijing,Swimming,Swimming Men's 200 metres Individual Medley,Bronze
141430,70965,Ryan Steven Lochte,M,24.0,188.0,88.0,United States,USA,2008 Summer,2008,Summer,Beijing,Swimming,Swimming Men's 400 metres Individual Medley,Bronze
141867,71169,Lopez (Lopepe-) Lomong,M,23.0,180.0,69.0,United States,USA,2008 Summer,2008,Summer,Beijing,Athletics,"Athletics Men's 1,500 metres",
142365,71428,Mark Anthony Lopez,M,26.0,183.0,68.0,United States,USA,2008 Summer,2008,Summer,Beijing,Taekwondo,Taekwondo Men's Featherweight,Silver
142442,71467,Steven Lopez,M,29.0,191.0,83.0,United States,USA,2008 Summer,2008,Summer,Beijing,Taekwondo,Taekwondo Men's Welterweight,Bronze
142971,71744,"John Clay Lovell, III",M,40.0,170.0,77.0,United States,USA,2008 Summer,2008,Summer,Beijing,Sailing,Sailing Mixed Multihull,
147403,73980,"Khan ""Bob"" Malaythong",M,27.0,178.0,70.0,United States,USA,2008 Summer,2008,Summer,Beijing,Badminton,Badminton Men's Doubles,
147810,74171,Casey Malone,M,31.0,203.0,109.0,United States,USA,2008 Summer,2008,Summer,Beijing,Athletics,Athletics Men's Discus Throw,
148347,74434,Spenser Thomas Mango,M,22.0,157.0,55.0,United States,USA,2008 Summer,2008,Summer,Beijing,Wrestling,"Wrestling Men's Featherweight, Greco-Roman",
148703,74580,Andra Kareem Manson,M,24.0,196.0,75.0,United States,USA,2008 Summer,2008,Summer,Beijing,Athletics,Athletics Men's High Jump,
148850,74659,"Leonel Ernesto ""Leo"" Manzano",M,23.0,165.0,57.0,United States,USA,2008 Summer,2008,Summer,Beijing,Athletics,"Athletics Men's 1,500 metres",
150387,75446,"Louis Glenn ""Lou"" Marson",M,22.0,185.0,92.0,United States,USA,2008 Summer,2008,Summer,Beijing,Baseball,Baseball Men's Baseball,Bronze
150725,75631,Rodney Martin,M,25.0,173.0,73.0,United States,USA,2008 Summer,2008,Summer,Beijing,Athletics,Athletics Men's 4 x 100 metres Relay,
151903,76233,Giddeon Massie,M,26.0,188.0,95.0,United States,USA,2008 Summer,2008,Summer,Beijing,Cycling,Cycling Men's Keirin,
151904,76233,Giddeon Massie,M,26.0,188.0,95.0,United States,USA,2008 Summer,2008,Summer,Beijing,Cycling,Cycling Men's Team Sprint,
153833,77217,"Joshua ""Josh"" McAdams",M,28.0,175.0,69.0,United States,USA,2008 Summer,2008,Summer,Beijing,Athletics,"Athletics Men's 3,000 metres Steeplechase",
153874,77246,Brian Robert McBride,M,36.0,183.0,77.0,United States,USA,2008 Summer,2008,Summer,Beijing,Football,Football Men's Football,
153995,77315,Jason McCartney,M,34.0,183.0,70.0,United States,USA,2008 Summer,2008,Summer,Beijing,Cycling,"Cycling Men's Road Race, Individual",
153997,77317,Michael Dax McCarty,M,21.0,173.0,66.0,United States,USA,2008 Summer,2008,Summer,Beijing,Football,Football Men's Football,
154121,77382,"Jeffrey Daniel ""Dan"" McCormick",M,22.0,196.0,139.0,United States,USA,2008 Summer,2008,Summer,Beijing,Judo,Judo Men's Heavyweight,
154375,77500,Marcus McElhenney,M,27.0,163.0,55.0,United States,USA,2008 Summer,2008,Summer,Beijing,Rowing,Rowing Men's Coxed Eights,Bronze
155027,77810,Randal Sean Mclelland,M,22.0,175.0,81.0,United States,USA,2008 Summer,2008,Summer,Beijing,Shooting,Shooting Men's Skeet,
155195,77907,"Stuart ""Stu"" McNay",M,27.0,171.0,65.0,United States,USA,2008 Summer,2008,Summer,Beijing,Sailing,Sailing Men's Two Person Dinghy,
155903,78281,Gerek Lin Meinhardt,M,18.0,183.0,80.0,United States,USA,2008 Summer,2008,Summer,Beijing,Fencing,"Fencing Men's Foil, Individual",
157196,78931,Rick Merlo,M,26.0,191.0,98.0,United States,USA,2008 Summer,2008,Summer,Beijing,Water Polo,Water Polo Men's Water Polo,Silver
157262,78964,LaShawn Merritt,M,22.0,191.0,86.0,United States,USA,2008 Summer,2008,Summer,Beijing,Athletics,Athletics Men's 400 metres,Gold
157263,78964,LaShawn Merritt,M,22.0,191.0,86.0,United States,USA,2008 Summer,2008,Summer,Beijing,Athletics,Athletics Men's 4 x 400 metres Relay,Gold
158942,79793,Derek H. Miles,M,35.0,191.0,88.0,United States,USA,2008 Summer,2008,Summer,Beijing,Athletics,Athletics Men's Pole Vault,
159100,79856,Ryan Madsen Millar,M,30.0,204.0,98.0,United States,USA,2008 Summer,2008,Summer,Beijing,Volleyball,Volleyball Men's Volleyball,Gold
160918,80753,"Steven ""Steve"" Mocco",M,26.0,183.0,120.0,United States,USA,2008 Summer,2008,Summer,Beijing,Wrestling,"Wrestling Men's Super-Heavyweight, Freestyle",
161618,81135,Javier Molina,M,18.0,175.0,64.0,United States,USA,2008 Summer,2008,Summer,Beijing,Boxing,Boxing Men's Light-Welterweight,
163137,81902,"Timothy Frank ""Tim"" Morehouse",M,30.0,188.0,91.0,United States,USA,2008 Summer,2008,Summer,Beijing,Fencing,"Fencing Men's Sabre, Individual",
163138,81902,"Timothy Frank ""Tim"" Morehouse",M,30.0,188.0,91.0,United States,USA,2008 Summer,2008,Summer,Beijing,Fencing,"Fencing Men's Sabre, Team",Silver
164196,82418,Merrill Moses,M,30.0,191.0,97.0,United States,USA,2008 Summer,2008,Summer,Beijing,Water Polo,Water Polo Men's Water Polo,Silver
169015,84962,Blaine Neal,M,30.0,196.0,114.0,United States,USA,2008 Summer,2008,Summer,Beijing,Baseball,Baseball Men's Baseball,Bronze
169433,85183,Adam McCright Nelson,M,33.0,183.0,120.0,United States,USA,2008 Summer,2008,Summer,Beijing,Athletics,Athletics Men's Shot Put,
169435,85185,"William Andrew ""Billy"" Nelson",M,23.0,165.0,55.0,United States,USA,2008 Summer,2008,Summer,Beijing,Athletics,"Athletics Men's 3,000 metres Steeplechase",
170211,85535,David Neville,M,24.0,193.0,77.0,United States,USA,2008 Summer,2008,Summer,Beijing,Athletics,Athletics Men's 400 metres,Bronze
170212,85535,David Neville,M,24.0,193.0,77.0,United States,USA,2008 Summer,2008,Summer,Beijing,Athletics,Athletics Men's 4 x 400 metres Relay,Gold
170317,85574,Brett Patrick Newlin,M,26.0,206.0,102.0,United States,USA,2008 Summer,2008,Summer,Beijing,Rowing,Rowing Men's Coxless Fours,
172332,86580,Jayson Truett Edward Nix,M,25.0,180.0,89.0,United States,USA,2008 Summer,2008,Summer,Beijing,Baseball,Baseball Men's Baseball,Bronze
175450,88179,"Charles S. ""Charlie"" Ogletree",M,40.0,175.0,70.0,United States,USA,2008 Summer,2008,Summer,Beijing,Sailing,Sailing Mixed Multihull,
176498,88748,David Oliver,M,26.0,191.0,93.0,United States,USA,2008 Summer,2008,Summer,Beijing,Athletics,Athletics Men's 110 metres Hurdles,Bronze
176888,88938,Brian Perry Olson,M,35.0,191.0,90.0,United States,USA,2008 Summer,2008,Summer,Beijing,Judo,Judo Men's Middleweight,
178119,89513,Michael Orozco Fiscal,M,22.0,183.0,74.0,United States,USA,2008 Summer,2008,Summer,Beijing,Football,Football Men's Football,
179992,90472,Travis Padgett,M,21.0,173.0,79.0,United States,USA,2008 Summer,2008,Summer,Beijing,Athletics,Athletics Men's 4 x 100 metres Relay,
181647,91295,"Thomas ""Tom"" Pappas",M,31.0,196.0,98.0,United States,USA,2008 Summer,2008,Summer,Beijing,Athletics,Athletics Men's Decathlon,
181706,91328,"Thomas ""Tom"" Paradiso",M,28.0,185.0,70.0,United States,USA,2008 Summer,2008,Summer,Beijing,Rowing,Rowing Men's Lightweight Coxless Fours,
182348,91663,Jason Alan Parker,M,34.0,178.0,77.0,United States,USA,2008 Summer,2008,Summer,Beijing,Shooting,"Shooting Men's Air Rifle, 10 metres",
182349,91663,Jason Alan Parker,M,34.0,178.0,77.0,United States,USA,2008 Summer,2008,Summer,Beijing,Shooting,"Shooting Men's Small-Bore Rifle, Three Positions, 50 metres",
182398,91692,Michael Finlay Parkhurst,M,24.0,180.0,75.0,United States,USA,2008 Summer,2008,Summer,Beijing,Football,Football Men's Football,
182657,91812,Scott Parsons,M,29.0,178.0,73.0,United States,USA,2008 Summer,2008,Summer,Beijing,Canoeing,"Canoeing Men's Kayak Singles, Slalom",
183061,92000,Miguel S. Pate,M,29.0,188.0,84.0,United States,USA,2008 Summer,2008,Summer,Beijing,Athletics,Athletics Men's Long Jump,
183283,92134,Darvis Darell Patton,M,30.0,183.0,79.0,United States,USA,2008 Summer,2008,Summer,Beijing,Athletics,Athletics Men's 100 metres,
183284,92134,Darvis Darell Patton,M,30.0,183.0,79.0,United States,USA,2008 Summer,2008,Summer,Beijing,Athletics,Athletics Men's 4 x 100 metres Relay,
183334,92158,"Christopher Emmanuel ""Chris"" Paul",M,23.0,183.0,83.0,United States,USA,2008 Summer,2008,Summer,Beijing,Basketball,Basketball Men's Basketball,Gold
183857,92406,David Thorn Payne,M,26.0,183.0,79.0,United States,USA,2008 Summer,2008,Summer,Beijing,Athletics,Athletics Men's 110 metres Hurdles,Silver
184577,92771,Aaron Wells Peirsol,M,25.0,191.0,91.0,United States,USA,2008 Summer,2008,Summer,Beijing,Swimming,Swimming Men's 100 metres Backstroke,Gold
184578,92771,Aaron Wells Peirsol,M,25.0,191.0,91.0,United States,USA,2008 Summer,2008,Summer,Beijing,Swimming,Swimming Men's 200 metres Backstroke,Silver
184579,92771,Aaron Wells Peirsol,M,25.0,191.0,91.0,United States,USA,2008 Summer,2008,Summer,Beijing,Swimming,Swimming Men's 4 x 100 metres Medley Relay,Gold
186681,93840,Steffen Peters,M,43.0,173.0,68.0,United States,USA,2008 Summer,2008,Summer,Beijing,Equestrianism,"Equestrianism Mixed Dressage, Individual",
186682,93840,Steffen Peters,M,43.0,173.0,68.0,Ravel,USA,2008 Summer,2008,Summer,Beijing,Equestrianism,"Equestrianism Mixed Dressage, Team",
187896,94406,"Michael Fred Phelps, II",M,23.0,193.0,91.0,United States,USA,2008 Summer,2008,Summer,Beijing,Swimming,Swimming Men's 200 metres Freestyle,Gold
187897,94406,"Michael Fred Phelps, II",M,23.0,193.0,91.0,United States,USA,2008 Summer,2008,Summer,Beijing,Swimming,Swimming Men's 4 x 100 metres Freestyle Relay,Gold
187898,94406,"Michael Fred Phelps, II",M,23.0,193.0,91.0,United States,USA,2008 Summer,2008,Summer,Beijing,Swimming,Swimming Men's 4 x 200 metres Freestyle Relay,Gold
187899,94406,"Michael Fred Phelps, II",M,23.0,193.0,91.0,United States,USA,2008 Summer,2008,Summer,Beijing,Swimming,Swimming Men's 100 metres Butterfly,Gold
187900,94406,"Michael Fred Phelps, II",M,23.0,193.0,91.0,United States,USA,2008 Summer,2008,Summer,Beijing,Swimming,Swimming Men's 200 metres Butterfly,Gold
187901,94406,"Michael Fred Phelps, II",M,23.0,193.0,91.0,United States,USA,2008 Summer,2008,Summer,Beijing,Swimming,Swimming Men's 200 metres Individual Medley,Gold
187902,94406,"Michael Fred Phelps, II",M,23.0,193.0,91.0,United States,USA,2008 Summer,2008,Summer,Beijing,Swimming,Swimming Men's 400 metres Individual Medley,Gold
187903,94406,"Michael Fred Phelps, II",M,23.0,193.0,91.0,United States,USA,2008 Summer,2008,Summer,Beijing,Swimming,Swimming Men's 4 x 100 metres Medley Relay,Gold
188127,94505,Taylor Phinney,M,18.0,196.0,81.0,United States,USA,2008 Summer,2008,Summer,Beijing,Cycling,"Cycling Men's Individual Pursuit, 4,000 metres",
188545,94712,"Wesley ""Wes"" Piermarini",M,25.0,191.0,93.0,United States,USA,2008 Summer,2008,Summer,Beijing,Rowing,Rowing Men's Double Sculls,
192455,96631,"Richard ""Rick"" Powell",M,19.0,183.0,73.0,United States,USA,2008 Summer,2008,Summer,Beijing,Canoeing,"Canoeing Men's Canadian Doubles, Slalom",
192488,96651,"Jeffrey Brian ""Jeffy"" Powers",M,28.0,201.0,108.0,United States,USA,2008 Summer,2008,Summer,Beijing,Water Polo,Water Polo Men's Water Polo,Silver
193109,96957,William Reid Priddy,M,30.0,194.0,89.0,United States,USA,2008 Summer,2008,Summer,Beijing,Volleyball,Volleyball Men's Volleyball,Gold
193279,97027,Tayshaun Durell Prince,M,28.0,206.0,93.0,United States,USA,2008 Summer,2008,Summer,Beijing,Basketball,Basketball Men's Basketball,Gold
195014,97870,Sam Austin Querrey,M,20.0,198.0,91.0,United States,USA,2008 Summer,2008,Summer,Beijing,Tennis,Tennis Men's Singles,
195015,97870,Sam Austin Querrey,M,20.0,198.0,91.0,United States-2,USA,2008 Summer,2008,Summer,Beijing,Tennis,Tennis Men's Doubles,
195086,97911,Trevell Marcell Quinley,M,25.0,198.0,86.0,United States,USA,2008 Summer,2008,Summer,Beijing,Athletics,Athletics Men's Long Jump,
195946,98394,"Rajiv Kumar ""Raju"" Rai",M,25.0,180.0,70.0,United States,USA,2008 Summer,2008,Summer,Beijing,Badminton,Badminton Men's Singles,
195993,98411,"Zachary Scott ""Zach"" Railey",M,24.0,192.0,98.0,United States,USA,2008 Summer,2008,Summer,Beijing,Sailing,Sailing Mixed One Person Dinghy,Silver
197324,99069,"Christopher ""Chris"" Rast",M,36.0,178.0,69.0,United States,USA,2008 Summer,2008,Summer,Beijing,Sailing,Sailing Mixed Skiff,
198082,99456,Michael Wesley Redd,M,28.0,198.0,98.0,United States,USA,2008 Summer,2008,Summer,Beijing,Basketball,Basketball Men's Basketball,Gold
198207,99521,"Matthew John ""Matty"" Reed",M,32.0,196.0,81.0,United States,USA,2008 Summer,2008,Summer,Beijing,Triathlon,Triathlon Men's Olympic Distance,
199289,100087,Ryan Reser,M,28.0,178.0,73.0,United States,USA,2008 Summer,2008,Summer,Beijing,Judo,Judo Men's Lightweight,
201239,101077,Dathan James Ritzenhein,M,25.0,173.0,55.0,United States,USA,2008 Summer,2008,Summer,Beijing,Athletics,Athletics Men's Marathon,
201847,101370,Michael Robertson,M,24.0,198.0,120.0,United States,USA,2008 Summer,2008,Summer,Beijing,Athletics,Athletics Men's Discus Throw,
201961,101431,"Donald ""Donny"" Robinson",M,25.0,165.0,69.0,United States,USA,2008 Summer,2008,Summer,Beijing,Cycling,Cycling Men's BMX,Bronze
203014,101953,Jason Nicholas Rogers,M,25.0,183.0,84.0,United States,USA,2008 Summer,2008,Summer,Beijing,Fencing,"Fencing Men's Sabre, Individual",
203015,101953,Jason Nicholas Rogers,M,25.0,183.0,84.0,United States,USA,2008 Summer,2008,Summer,Beijing,Fencing,"Fencing Men's Sabre, Team",Silver
203058,101970,"Robert Hampton ""Robbie"" Rogers",M,21.0,180.0,75.0,United States,USA,2008 Summer,2008,Summer,Beijing,Football,Football Men's Football,
203060,101972,Todd Jonathan Rogers,M,34.0,188.0,89.0,United States-1,USA,2008 Summer,2008,Summer,Beijing,Beach Volleyball,Beach Volleyball Men's Beach Volleyball,Gold
204054,102441,Sean Michael Rooney,M,25.0,206.0,100.0,United States,USA,2008 Summer,2008,Summer,Beijing,Volleyball,Volleyball Men's Volleyball,Gold
204401,102621,Sean Michael Rosenthal,M,28.0,191.0,89.0,United States-2,USA,2008 Summer,2008,Summer,Beijing,Beach Volleyball,Beach Volleyball Men's Beach Volleyball,
206246,103528,Galen Rupp,M,22.0,181.0,61.0,United States,USA,2008 Summer,2008,Summer,Beijing,Athletics,"Athletics Men's 10,000 metres",
207497,104107,"Peter Samuel Konrad ""Sam"" Sacksen",M,22.0,188.0,77.0,United States,USA,2008 Summer,2008,Summer,Beijing,Modern Pentathlon,Modern Pentathlon Men's Individual,
208762,104818,Riley David Salmon,M,32.0,197.0,89.0,United States,USA,2008 Summer,2008,Summer,Beijing,Volleyball,Volleyball Men's Volleyball,Gold
209777,105334,Keith Sanderson,M,33.0,183.0,95.0,United States,USA,2008 Summer,2008,Summer,Beijing,Shooting,"Shooting Men's Rapid-Fire Pistol, 25 metres",
212636,106766,Stephen Scherer,M,19.0,183.0,66.0,United States,USA,2008 Summer,2008,Summer,Beijing,Shooting,"Shooting Men's Air Rifle, 10 metres",
212778,106841,"Nathan John ""Nate"" Schierholtz",M,24.0,188.0,98.0,United States,USA,2008 Summer,2008,Summer,Beijing,Baseball,Baseball Men's Baseball,Bronze
213705,107319,"Matthew Roman ""Matt"" Schnobrich",M,29.0,196.0,93.0,United States,USA,2008 Summer,2008,Summer,Beijing,Rowing,Rowing Men's Coxed Eights,Bronze
214203,107551,"James Lee ""Jamie"" Schroeder",M,26.0,206.0,102.0,United States,USA,2008 Summer,2008,Summer,Beijing,Rowing,Rowing Men's Quadruple Sculls,
214732,107811,"Douglas ""Doug"" Schwab",M,31.0,165.0,66.0,United States,USA,2008 Summer,2008,Summer,Beijing,Wrestling,"Wrestling Men's Welterweight, Freestyle",
216106,108471,Brian E. Sell,M,29.0,178.0,64.0,United States,USA,2008 Summer,2008,Summer,Beijing,Athletics,Athletics Men's Marathon,
217479,109240,Eric Lee Shanteau,M,24.0,188.0,80.0,United States,USA,2008 Summer,2008,Summer,Beijing,Swimming,Swimming Men's 200 metres Breaststroke,
218935,109966,Jarrod Shoemaker,M,26.0,178.0,67.0,United States,USA,2008 Summer,2008,Summer,Beijing,Triathlon,Triathlon Men's Olympic Distance,
220802,110900,"William ""Will"" Simpson",M,49.0,173.0,77.0,United States,USA,2008 Summer,2008,Summer,Beijing,Equestrianism,"Equestrianism Mixed Jumping, Individual",
220803,110900,"William ""Will"" Simpson",M,49.0,173.0,77.0,United States,USA,2008 Summer,2008,Summer,Beijing,Equestrianism,"Equestrianism Mixed Jumping, Team",Gold
223128,112064,Keeth Thomas Smart,M,30.0,183.0,75.0,United States,USA,2008 Summer,2008,Summer,Beijing,Fencing,"Fencing Men's Sabre, Individual",
223129,112064,Keeth Thomas Smart,M,30.0,183.0,75.0,United States,USA,2008 Summer,2008,Summer,Beijing,Fencing,"Fencing Men's Sabre, Team",Silver
223439,112215,Christian Smith,M,24.0,188.0,75.0,United States,USA,2008 Summer,2008,Summer,Beijing,Athletics,Athletics Men's 800 metres,
223595,112302,Jesse Aaron Smith,M,25.0,194.0,105.0,United States,USA,2008 Summer,2008,Summer,Beijing,Water Polo,Water Polo Men's Water Polo,Silver
223659,112336,Leigh Smith,M,26.0,198.0,102.0,United States,USA,2008 Summer,2008,Summer,Beijing,Athletics,Athletics Men's Javelin Throw,
226149,113665,"Scott Spann, Jr.",M,20.0,185.0,86.0,United States,USA,2008 Summer,2008,Summer,Beijing,Swimming,Swimming Men's 200 metres Breaststroke,
226254,113712,"Wallace Spearmon, Jr.",M,23.0,191.0,78.0,United States,USA,2008 Summer,2008,Summer,Beijing,Athletics,Athletics Men's 200 metres,
226468,113815,Austin Sperry,M,30.0,185.0,102.0,United States,USA,2008 Summer,2008,Summer,Beijing,Sailing,Sailing Men's Two Person Keelboat,
226819,113975,Justin Edward Spring,M,24.0,170.0,64.0,United States,USA,2008 Summer,2008,Summer,Beijing,Gymnastics,Gymnastics Men's Individual All-Around,
226820,113975,Justin Edward Spring,M,24.0,170.0,64.0,United States,USA,2008 Summer,2008,Summer,Beijing,Gymnastics,Gymnastics Men's Team All-Around,Bronze
226821,113975,Justin Edward Spring,M,24.0,170.0,64.0,United States,USA,2008 Summer,2008,Summer,Beijing,Gymnastics,Gymnastics Men's Floor Exercise,
226822,113975,Justin Edward Spring,M,24.0,170.0,64.0,United States,USA,2008 Summer,2008,Summer,Beijing,Gymnastics,Gymnastics Men's Parallel Bars,
226823,113975,Justin Edward Spring,M,24.0,170.0,64.0,United States,USA,2008 Summer,2008,Summer,Beijing,Gymnastics,Gymnastics Men's Horizontal Bar,
226824,113975,Justin Edward Spring,M,24.0,170.0,64.0,United States,USA,2008 Summer,2008,Summer,Beijing,Gymnastics,Gymnastics Men's Rings,
227602,114352,"Clayton Iona ""Clay"" Stanley",M,30.0,205.0,105.0,United States,USA,2008 Summer,2008,Summer,Beijing,Volleyball,Volleyball Men's Volleyball,Gold
229188,115078,"Jeffrey Allen ""Jeff"" Stevens",M,24.0,188.0,93.0,United States,USA,2008 Summer,2008,Summer,Beijing,Baseball,Baseball Men's Baseball,Bronze
229225,115095,Travis Stevens,M,22.0,181.0,80.0,United States,USA,2008 Summer,2008,Summer,Beijing,Judo,Judo Men's Half-Middleweight,
229575,115272,Sam Stitt,M,26.0,198.0,91.0,United States,USA,2008 Summer,2008,Summer,Beijing,Rowing,Rowing Men's Quadruple Sculls,
230180,115547,"William Gilbert ""Gil"" Stovall",M,22.0,175.0,68.0,United States,USA,2008 Summer,2008,Summer,Beijing,Swimming,Swimming Men's 200 metres Butterfly,
230446,115665,Stephen James Strasburg,M,20.0,196.0,98.0,United States,USA,2008 Summer,2008,Summer,Beijing,Baseball,Baseball Men's Baseball,Bronze
233776,117246,"Nicholas ""Nick"" Symmonds",M,24.0,178.0,75.0,United States,USA,2008 Summer,2008,Summer,Beijing,Athletics,Athletics Men's 800 metres,
234097,117402,Daryl Lee Szarenski,M,40.0,180.0,93.0,United States,USA,2008 Summer,2008,Summer,Beijing,Shooting,"Shooting Men's Free Pistol, 50 metres",
234301,117507,"Daniel Gregory ""Danny"" Szetela",M,21.0,180.0,73.0,United States,USA,2008 Summer,2008,Summer,Beijing,Football,Football Men's Football,
235306,117996,Taylor Takata,M,26.0,165.0,68.0,United States,USA,2008 Summer,2008,Summer,Beijing,Judo,Judo Men's Half-Lightweight,
235870,118270,"Kai-Wen ""Kevin"" Tan",M,26.0,163.0,64.0,United States,USA,2008 Summer,2008,Summer,Beijing,Gymnastics,Gymnastics Men's Individual All-Around,
235871,118270,"Kai-Wen ""Kevin"" Tan",M,26.0,163.0,64.0,United States,USA,2008 Summer,2008,Summer,Beijing,Gymnastics,Gymnastics Men's Team All-Around,Bronze
235872,118270,"Kai-Wen ""Kevin"" Tan",M,26.0,163.0,64.0,United States,USA,2008 Summer,2008,Summer,Beijing,Gymnastics,Gymnastics Men's Horizontal Bar,
235873,118270,"Kai-Wen ""Kevin"" Tan",M,26.0,163.0,64.0,United States,USA,2008 Summer,2008,Summer,Beijing,Gymnastics,Gymnastics Men's Rings,
235874,118270,"Kai-Wen ""Kevin"" Tan",M,26.0,163.0,64.0,United States,USA,2008 Summer,2008,Summer,Beijing,Gymnastics,Gymnastics Men's Pommelled Horse,
236504,118580,Jevon Anton Tarantino,M,24.0,173.0,73.0,United States,USA,2008 Summer,2008,Summer,Beijing,Diving,Diving Men's Synchronized Springboard,
237020,118855,"Angelo F. Taylor, Jr.",M,29.0,188.0,84.0,United States,USA,2008 Summer,2008,Summer,Beijing,Athletics,Athletics Men's 400 metres Hurdles,Gold
237021,118855,"Angelo F. Taylor, Jr.",M,29.0,188.0,84.0,United States,USA,2008 Summer,2008,Summer,Beijing,Athletics,Athletics Men's 4 x 400 metres Relay,Gold
237250,118983,Taylor Hill Teagarden,M,24.0,187.0,90.0,United States,USA,2008 Summer,2008,Summer,Beijing,Baseball,Baseball Men's Baseball,Bronze
237320,119024,"Matthew ""Matt"" Tegenkamp",M,26.0,186.0,68.0,United States,USA,2008 Summer,2008,Summer,Beijing,Athletics,"Athletics Men's 5,000 metres",
238099,119403,Paul Teti,M,31.0,183.0,82.0,United States,USA,2008 Summer,2008,Summer,Beijing,Rowing,Rowing Men's Coxless Fours,
240018,120280,Terry Ronald Tiffee,M,29.0,190.0,102.0,United States,USA,2008 Summer,2008,Summer,Beijing,Baseball,Baseball Men's Baseball,Bronze
240865,120662,"Patrick ""Pat"" Todd",M,28.0,180.0,72.0,United States,USA,2008 Summer,2008,Summer,Beijing,Rowing,Rowing Men's Lightweight Coxless Fours,
242126,121279,Jorge Torres,M,27.0,168.0,56.0,United States,USA,2008 Summer,2008,Summer,Beijing,Athletics,"Athletics Men's 10,000 metres",
242647,121523,Scott Joseph Touzinsky,M,26.0,198.0,86.0,United States,USA,2008 Summer,2008,Summer,Beijing,Volleyball,Volleyball Men's Volleyball,Gold
242894,121637,Terrence R. Trammell,M,29.0,188.0,84.0,United States,USA,2008 Summer,2008,Summer,Beijing,Athletics,Athletics Men's 110 metres Hurdles,
245208,122784,Jason Turner,M,33.0,183.0,98.0,United States,USA,2008 Summer,2008,Summer,Beijing,Shooting,"Shooting Men's Air Pistol, 10 metres",Bronze
245209,122784,Jason Turner,M,33.0,183.0,98.0,United States,USA,2008 Summer,2008,Summer,Beijing,Shooting,"Shooting Men's Free Pistol, 50 metres",
249724,125048,Christian John Vande Velde,M,32.0,180.0,68.0,United States,USA,2008 Summer,2008,Summer,Beijing,Cycling,"Cycling Men's Road Race, Individual",
249785,125083,Peter William Vanderkaay,M,24.0,193.0,95.0,United States,USA,2008 Summer,2008,Summer,Beijing,Swimming,Swimming Men's 200 metres Freestyle,Bronze
249786,125083,Peter William Vanderkaay,M,24.0,193.0,95.0,United States,USA,2008 Summer,2008,Summer,Beijing,Swimming,Swimming Men's 400 metres Freestyle,
249787,125083,Peter William Vanderkaay,M,24.0,193.0,95.0,United States,USA,2008 Summer,2008,Summer,Beijing,Swimming,"Swimming Men's 1,500 metres Freestyle",
249788,125083,Peter William Vanderkaay,M,24.0,193.0,95.0,United States,USA,2008 Summer,2008,Summer,Beijing,Swimming,Swimming Men's 4 x 200 metres Freestyle Relay,Gold
250036,125236,Peter Dale Varellas,M,23.0,191.0,89.0,United States,USA,2008 Summer,2008,Summer,Beijing,Water Polo,Water Polo Men's Water Polo,Silver
250633,125533,Chad Vaughn,M,28.0,170.0,77.0,United States,USA,2008 Summer,2008,Summer,Beijing,Weightlifting,Weightlifting Men's Middleweight,
251290,125841,Erik K. Vendt,M,27.0,180.0,75.0,United States,USA,2008 Summer,2008,Summer,Beijing,Swimming,Swimming Men's 4 x 200 metres Freestyle Relay,Gold
251674,126046,"Bradley ""Brad"" Vering",M,30.0,175.0,84.0,United States,USA,2008 Summer,2008,Summer,Beijing,Wrestling,"Wrestling Men's Light-Heavyweight, Greco-Roman",
254075,127221,Adler Volmar,M,31.0,183.0,100.0,United States,USA,2008 Summer,2008,Summer,Beijing,Judo,Judo Men's Half-Heavyweight,
254124,127239,Bryan Daniel Volpenhein,M,31.0,191.0,102.0,United States,USA,2008 Summer,2008,Summer,Beijing,Rowing,Rowing Men's Coxed Eights,Bronze
255336,127833,"Dwyane Tyrone Wade, Jr.",M,26.0,193.0,96.0,United States,USA,2008 Summer,2008,Summer,Beijing,Basketball,Basketball Men's Basketball,Gold
255344,127838,Tim Wadlow,M,34.0,188.0,75.0,United States,USA,2008 Summer,2008,Summer,Beijing,Sailing,Sailing Mixed Skiff,
255831,128088,Brad Walker,M,27.0,188.0,86.0,United States,USA,2008 Summer,2008,Summer,Beijing,Athletics,Athletics Men's Pole Vault,
256166,128267,Daniel Walsh,M,29.0,201.0,100.0,United States,USA,2008 Summer,2008,Summer,Beijing,Rowing,Rowing Men's Coxed Eights,Bronze
256251,128315,"David ""Dave"" Walters",M,20.0,191.0,86.0,United States,USA,2008 Summer,2008,Summer,Beijing,Swimming,Swimming Men's 4 x 200 metres Freestyle Relay,Gold
256338,128352,Ian Scott Waltz,M,31.0,186.0,122.0,United States,USA,2008 Summer,2008,Summer,Beijing,Athletics,Athletics Men's Discus Throw,
257063,128724,McLain Ward,M,32.0,176.0,70.0,United States,USA,2008 Summer,2008,Summer,Beijing,Equestrianism,"Equestrianism Mixed Jumping, Individual",
257064,128724,McLain Ward,M,32.0,176.0,70.0,United States,USA,2008 Summer,2008,Summer,Beijing,Equestrianism,"Equestrianism Mixed Jumping, Team",Gold
257130,128757,Jeremy Matthew Wariner,M,24.0,188.0,71.0,United States,USA,2008 Summer,2008,Summer,Beijing,Athletics,Athletics Men's 400 metres,Silver
257131,128757,Jeremy Matthew Wariner,M,24.0,188.0,71.0,United States,USA,2008 Summer,2008,Summer,Beijing,Athletics,Athletics Men's 4 x 400 metres Relay,Gold
257136,128760,Mark Warkentin,M,28.0,188.0,84.0,United States,USA,2008 Summer,2008,Summer,Beijing,Swimming,Swimming Men's 10 kilometres Open Water,
257214,128796,Rau'Shee Warren,M,21.0,165.0,52.0,United States,USA,2008 Summer,2008,Summer,Beijing,Boxing,Boxing Men's Flyweight,
257721,129069,Casey McGhee Weathers,M,23.0,185.0,99.0,United States,USA,2008 Summer,2008,Summer,Beijing,Baseball,Baseball Men's Baseball,Bronze
257905,129164,Garrett Weber-Gale,M,23.0,188.0,82.0,United States,USA,2008 Summer,2008,Summer,Beijing,Swimming,Swimming Men's 50 metres Freestyle,
257906,129164,Garrett Weber-Gale,M,23.0,188.0,82.0,United States,USA,2008 Summer,2008,Summer,Beijing,Swimming,Swimming Men's 100 metres Freestyle,
257907,129164,Garrett Weber-Gale,M,23.0,188.0,82.0,United States,USA,2008 Summer,2008,Summer,Beijing,Swimming,Swimming Men's 4 x 100 metres Freestyle Relay,Gold
257908,129164,Garrett Weber-Gale,M,23.0,188.0,82.0,United States,USA,2008 Summer,2008,Summer,Beijing,Swimming,Swimming Men's 4 x 100 metres Medley Relay,Gold
258757,129548,Todd Wells,M,32.0,188.0,77.0,United States,USA,2008 Summer,2008,Summer,Beijing,Cycling,"Cycling Men's Mountainbike, Cross-Country",
259513,129924,Andrew Wheating,M,20.0,196.0,82.0,United States,USA,2008 Summer,2008,Summer,Beijing,Athletics,Athletics Men's 800 metres,
259528,129933,Adam Wheeler,M,27.0,191.0,96.0,United States,USA,2008 Summer,2008,Summer,Beijing,Wrestling,"Wrestling Men's Heavyweight, Greco-Roman",Bronze
260586,130410,Deontay Leshun Wilder,M,22.0,201.0,91.0,United States,USA,2008 Summer,2008,Summer,Beijing,Boxing,Boxing Men's Heavyweight,Bronze
260595,130417,"Benjamin Marshall ""Ben"" Wildman-Tobriner",M,23.0,193.0,91.0,United States,USA,2008 Summer,2008,Summer,Beijing,Swimming,Swimming Men's 50 metres Freestyle,
260596,130417,"Benjamin Marshall ""Ben"" Wildman-Tobriner",M,23.0,193.0,91.0,United States,USA,2008 Summer,2008,Summer,Beijing,Swimming,Swimming Men's 4 x 100 metres Freestyle Relay,Gold
260944,130580,Deron Michael Williams,M,24.0,191.0,95.0,United States,USA,2008 Summer,2008,Summer,Beijing,Basketball,Basketball Men's Basketball,Gold
260991,130607,James Leighman Williams,M,22.0,188.0,75.0,United States,USA,2008 Summer,2008,Summer,Beijing,Fencing,"Fencing Men's Sabre, Team",Silver
260999,130612,Jesse Daniel Williams,M,24.0,184.0,80.0,United States,USA,2008 Summer,2008,Summer,Beijing,Athletics,Athletics Men's High Jump,
261096,130658,Raynell Williams,M,19.0,170.0,57.0,United States,USA,2008 Summer,2008,Summer,Beijing,Boxing,Boxing Men's Featherweight,
261195,130708,Taraje Williams-Murray,M,23.0,170.0,66.0,United States,USA,2008 Summer,2008,Summer,Beijing,Judo,Judo Men's Extra-Lightweight,
261348,130773,Aarik Wilson,M,25.0,191.0,88.0,United States,USA,2008 Summer,2008,Summer,Beijing,Athletics,Athletics Men's Triple Jump,
261866,131010,Cameron Howard Winklevoss,M,26.0,196.0,96.0,United States,USA,2008 Summer,2008,Summer,Beijing,Rowing,Rowing Men's Coxless Pairs,
261867,131011,Tyler Howard Winklevoss,M,26.0,196.0,95.0,United States,USA,2008 Summer,2008,Summer,Beijing,Rowing,Rowing Men's Coxless Pairs,
262108,131145,"Reginald Edwin ""Regi"" Witherspoon",M,23.0,178.0,79.0,United States,USA,2008 Summer,2008,Summer,Beijing,Athletics,Athletics Men's 4 x 400 metres Relay,Gold
263170,131681,Adam Perry Wright,M,31.0,191.0,89.0,United States,USA,2008 Summer,2008,Summer,Beijing,Water Polo,Water Polo Men's Water Polo,Silver
263515,131862,"Victor Steven ""Vic"" Wunderle",M,32.0,185.0,74.0,United States,USA,2008 Summer,2008,Summer,Beijing,Archery,Archery Men's Individual,
263516,131862,"Victor Steven ""Vic"" Wunderle",M,32.0,185.0,74.0,United States,USA,2008 Summer,2008,Summer,Beijing,Archery,Archery Men's Team,
263683,131950,"Marvell Wynne, II",M,22.0,175.0,82.0,United States,USA,2008 Summer,2008,Summer,Beijing,Football,Football Men's Football,
264703,132463,Luis Jason Yanez,M,19.0,165.0,48.0,United States,USA,2008 Summer,2008,Summer,Beijing,Boxing,Boxing Men's Light-Flyweight,
267057,133607,David Zabriskie,M,29.0,183.0,72.0,United States,USA,2008 Summer,2008,Summer,Beijing,Cycling,"Cycling Men's Road Race, Individual",
267058,133607,David Zabriskie,M,29.0,183.0,72.0,United States,USA,2008 Summer,2008,Summer,Beijing,Cycling,Cycling Men's Individual Time Trial,
267122,133640,"Michael Najeeb ""Mike"" Zadick",M,32.0,165.0,69.0,United States,USA,2008 Summer,2008,Summer,Beijing,Wrestling,"Wrestling Men's Lightweight, Freestyle",
269540,134871,David Yongxiang Zhuang,M,44.0,178.0,77.0,United States,USA,2008 Summer,2008,Summer,Beijing,Table Tennis,Table Tennis Men's Singles,
270851,135458,Rami Zur,M,31.0,175.0,77.0,United States,USA,2008 Summer,2008,Summer,Beijing,Canoeing,"Canoeing Men's Kayak Singles, 500 metres",
270852,135458,Rami Zur,M,31.0,175.0,77.0,United States,USA,2008 Summer,2008,Summer,Beijing,Canoeing,"Canoeing Men's Kayak Singles, 1,000 metres",
